,date,serial_number,model,capacity_bytes,failure,smart_1_normalized,smart_1_raw,smart_3_normalized,smart_4_normalized,smart_4_raw,smart_5_normalized,smart_5_raw,smart_7_normalized,smart_7_raw,smart_9_normalized,smart_9_raw,smart_12_normalized,smart_12_raw,smart_183_normalized,smart_183_raw,smart_184_normalized,smart_184_raw,smart_187_normalized,smart_187_raw,smart_188_normalized,smart_188_raw,smart_189_normalized,smart_189_raw,smart_190_normalized,smart_190_raw,smart_192_normalized,smart_192_raw,smart_193_normalized,smart_193_raw,smart_194_normalized,smart_194_raw,smart_197_normalized,smart_197_raw,smart_198_normalized,smart_198_raw,smart_199_raw,smart_240_raw,smart_241_raw,smart_242_raw
404528,2022-10-01,S301KE5C,ST4000DM000,4000787030016,0,117.0,124058984.0,91.0,100.0,28.0,100.0,0.0,88.0,770886441.0,31.0,61176.0,100.0,27.0,100.0,0.0,100.0,0.0,100.0,0.0,100.0,0.0,100.0,0.0,78.0,22.0,100.0,0.0,95.0,11630.0,22.0,22.0,100.0,0.0,100.0,0.0,0.0,61051.0,69949467040.0,398999566472.0
404529,2022-10-02,S301KE5C,ST4000DM000,4000787030016,0,117.0,148970416.0,91.0,100.0,28.0,100.0,0.0,88.0,773410769.0,31.0,61200.0,100.0,27.0,100.0,0.0,100.0,0.0,100.0,0.0,100.0,0.0,100.0,0.0,78.0,22.0,100.0,0.0,95.0,11630.0,22.0,22.0,100.0,0.0,100.0,0.0,0.0,61075.0,69961000424.0,399224784877.0
404530,2022-10-03,S301KE5C,ST4000DM000,4000787030016,0,119.0,204630304.0,91.0,100.0,28.0,100.0,0.0,88.0,774613322.0,31.0,61224.0,100.0,27.0,100.0,0.0,100.0,0.0,100.0,0.0,100.0,0.0,100.0,0.0,78.0,22.0,100.0,0.0,95.0,11630.0,22.0,22.0,100.0,0.0,100.0,0.0,0.0,61099.0,69962226728.0,399444809273.0
404531,2022-10-04,S301KE5C,ST4000DM000,4000787030016,0,116.0,116507920.0,91.0,100.0,28.0,100.0,0.0,88.0,777215805.0,31.0,61248.0,100.0,27.0,100.0,0.0,100.0,0.0,100.0,0.0,100.0,0.0,100.0,0.0,78.0,22.0,100.0,0.0,95.0,11630.0,22.0,22.0,100.0,0.0,100.0,0.0,0.0,61123.0,69963472416.0,399681661214.0
404532,2022-10-05,S301KE5C,ST4000DM000,4000787030016,0,117.0,131542240.0,91.0,100.0,28.0,100.0,0.0,88.0,778933821.0,31.0,61272.0,100.0,27.0,100.0,0.0,100.0,0.0,100.0,0.0,100.0,0.0,100.0,0.0,78.0,22.0,100.0,0.0,95.0,11630.0,22.0,22.0,100.0,0.0,100.0,0.0,0.0,61147.0,69965339040.0,399896856126.0
404533,2022-10-06,S301KE5C,ST4000DM000,4000787030016,0,117.0,133172200.0,91.0,100.0,28.0,100.0,0.0,88.0,781168020.0,31.0,61296.0,100.0,27.0,100.0,0.0,100.0,0.0,100.0,0.0,100.0,0.0,100.0,0.0,78.0,22.0,100.0,0.0,95.0,11630.0,22.0,22.0,100.0,0.0,100.0,0.0,0.0,61171.0,69976774472.0,400129624158.0
404534,2022-10-07,S301KE5C,ST4000DM000,4000787030016,0,117.0,138649440.0,91.0,100.0,28.0,100.0,0.0,88.0,782547028.0,30.0,61320.0,100.0,27.0,100.0,0.0,100.0,0.0,100.0,0.0,100.0,0.0,100.0,0.0,78.0,22.0,100.0,0.0,95.0,11632.0,22.0,22.0,100.0,0.0,100.0,0.0,0.0,61195.0,69977742704.0,400301627018.0
404535,2022-10-08,S301KE5C,ST4000DM000,4000787030016,0,117.0,156900056.0,91.0,100.0,28.0,100.0,0.0,88.0,784452979.0,30.0,61344.0,100.0,27.0,100.0,0.0,100.0,0.0,100.0,0.0,100.0,0.0,100.0,0.0,78.0,22.0,100.0,0.0,95.0,11632.0,22.0,22.0,100.0,0.0,100.0,0.0,0.0,61219.0,69978924936.0,400647230742.0
404536,2022-10-09,S301KE5C,ST4000DM000,4000787030016,0,119.0,204539352.0,91.0,100.0,28.0,100.0,0.0,88.0,786109789.0,30.0,61368.0,100.0,27.0,100.0,0.0,100.0,0.0,100.0,0.0,100.0,0.0,100.0,0.0,78.0,22.0,100.0,0.0,95.0,11632.0,22.0,22.0,100.0,0.0,100.0,0.0,0.0,61243.0,69996518296.0,401024616144.0
404537,2022-10-10,S301KE5C,ST4000DM000,4000787030016,0,116.0,107146056.0,91.0,100.0,28.0,100.0,0.0,88.0,787614508.0,30.0,61392.0,100.0,27.0,100.0,0.0,100.0,0.0,100.0,0.0,100.0,0.0,100.0,0.0,78.0,22.0,100.0,0.0,95.0,11632.0,22.0,22.0,100.0,0.0,100.0,0.0,0.0,61266.0,69997773248.0,401298613721.0
404538,2022-10-11,S301KE5C,ST4000DM000,4000787030016,0,105.0,10255208.0,91.0,100.0,28.0,100.0,0.0,88.0,790392014.0,30.0,61415.0,100.0,27.0,100.0,0.0,100.0,0.0,100.0,0.0,100.0,0.0,100.0,0.0,78.0,22.0,100.0,0.0,95.0,11632.0,22.0,22.0,100.0,0.0,100.0,0.0,0.0,61290.0,69999057824.0,401595607727.0
404539,2022-10-12,S301KE5C,ST4000DM000,4000787030016,0,115.0,97543096.0,91.0,100.0,28.0,100.0,0.0,88.0,791731691.0,30.0,61439.0,100.0,27.0,100.0,0.0,100.0,0.0,100.0,0.0,100.0,0.0,100.0,0.0,78.0,22.0,100.0,0.0,95.0,11632.0,22.0,22.0,100.0,0.0,100.0,0.0,0.0,61314.0,70000157320.0,401767540426.0
404540,2022-10-13,S301KE5C,ST4000DM000,4000787030016,0,116.0,114062568.0,91.0,100.0,28.0,100.0,0.0,88.0,793336213.0,30.0,61463.0,100.0,27.0,100.0,0.0,100.0,0.0,100.0,0.0,100.0,0.0,100.0,0.0,78.0,22.0,100.0,0.0,95.0,11635.0,22.0,22.0,100.0,0.0,100.0,0.0,0.0,61338.0,70002069056.0,401966275879.0
404541,2022-10-14,S301KE5C,ST4000DM000,4000787030016,0,114.0,79472176.0,91.0,100.0,28.0,100.0,0.0,88.0,795351813.0,30.0,61487.0,100.0,27.0,100.0,0.0,100.0,0.0,100.0,0.0,100.0,0.0,100.0,0.0,78.0,22.0,100.0,0.0,95.0,11635.0,22.0,22.0,100.0,0.0,100.0,0.0,0.0,61362.0,70003638384.0,402169479378.0
404542,2022-10-15,S301KE5C,ST4000DM000,4000787030016,0,118.0,190493528.0,91.0,100.0,28.0,100.0,0.0,88.0,796569677.0,30.0,61511.0,100.0,27.0,100.0,0.0,100.0,0.0,100.0,0.0,100.0,0.0,100.0,0.0,78.0,22.0,100.0,0.0,95.0,11636.0,22.0,22.0,100.0,0.0,100.0,0.0,0.0,61386.0,70004811952.0,402335585239.0
404543,2022-10-16,S301KE5C,ST4000DM000,4000787030016,0,111.0,41782936.0,91.0,100.0,28.0,100.0,0.0,88.0,797934439.0,30.0,61535.0,100.0,27.0,100.0,0.0,100.0,0.0,100.0,0.0,100.0,0.0,100.0,0.0,78.0,22.0,100.0,0.0,95.0,11636.0,22.0,22.0,100.0,0.0,100.0,0.0,0.0,61409.0,70005800448.0,402650036379.0
404544,2022-10-17,S301KE5C,ST4000DM000,4000787030016,0,115.0,98841176.0,91.0,100.0,28.0,100.0,0.0,88.0,799090218.0,30.0,61558.0,100.0,27.0,100.0,0.0,100.0,0.0,100.0,0.0,100.0,0.0,100.0,0.0,78.0,22.0,100.0,0.0,95.0,11637.0,22.0,22.0,100.0,0.0,100.0,0.0,0.0,61433.0,70006940192.0,402897941956.0
404545,2022-10-18,S301KE5C,ST4000DM000,4000787030016,0,119.0,222290856.0,91.0,100.0,28.0,100.0,0.0,88.0,803122310.0,30.0,61594.0,100.0,27.0,100.0,0.0,100.0,0.0,100.0,0.0,100.0,0.0,100.0,0.0,78.0,22.0,100.0,0.0,95.0,11637.0,22.0,22.0,100.0,0.0,100.0,0.0,0.0,61469.0,70008646752.0,403350584862.0
404546,2022-10-19,S301KE5C,ST4000DM000,4000787030016,0,119.0,221271232.0,91.0,100.0,28.0,100.0,0.0,88.0,804880557.0,30.0,61618.0,100.0,27.0,100.0,0.0,100.0,0.0,100.0,0.0,100.0,0.0,100.0,0.0,78.0,22.0,100.0,0.0,95.0,11639.0,22.0,22.0,100.0,0.0,100.0,0.0,0.0,61493.0,70009777424.0,403618014507.0
404547,2022-10-20,S301KE5C,ST4000DM000,4000787030016,0,112.0,48192520.0,91.0,100.0,28.0,100.0,0.0,89.0,807355186.0,30.0,61642.0,100.0,27.0,100.0,0.0,100.0,0.0,100.0,0.0,100.0,0.0,100.0,0.0,78.0,22.0,100.0,0.0,95.0,11639.0,22.0,22.0,100.0,0.0,100.0,0.0,0.0,61516.0,70010820432.0,403814665054.0
404548,2022-10-21,S301KE5C,ST4000DM000,4000787030016,0,118.0,200116896.0,91.0,100.0,28.0,100.0,0.0,89.0,808305304.0,30.0,61666.0,100.0,27.0,100.0,0.0,100.0,0.0,100.0,0.0,100.0,0.0,100.0,0.0,78.0,22.0,100.0,0.0,95.0,11639.0,22.0,22.0,100.0,0.0,100.0,0.0,0.0,61540.0,70011762872.0,404067261429.0
404549,2022-10-22,S301KE5C,ST4000DM000,4000787030016,0,118.0,197697784.0,91.0,100.0,28.0,100.0,0.0,89.0,809241326.0,30.0,61689.0,100.0,27.0,100.0,0.0,100.0,0.0,100.0,0.0,100.0,0.0,100.0,0.0,78.0,22.0,100.0,0.0,95.0,11640.0,22.0,22.0,100.0,0.0,100.0,0.0,0.0,61564.0,70012881984.0,404326046384.0
404550,2022-10-23,S301KE5C,ST4000DM000,4000787030016,0,119.0,227875376.0,91.0,100.0,28.0,100.0,0.0,89.0,810178766.0,30.0,61713.0,100.0,27.0,100.0,0.0,100.0,0.0,100.0,0.0,100.0,0.0,100.0,0.0,78.0,22.0,100.0,0.0,95.0,11652.0,22.0,22.0,100.0,0.0,100.0,0.0,0.0,61588.0,70014217056.0,404565431527.0
404551,2022-10-24,S301KE5C,ST4000DM000,4000787030016,0,110.0,26916544.0,91.0,100.0,28.0,100.0,0.0,89.0,811183944.0,30.0,61737.0,100.0,27.0,100.0,0.0,100.0,0.0,100.0,0.0,100.0,0.0,100.0,0.0,78.0,22.0,100.0,0.0,95.0,11652.0,22.0,22.0,100.0,0.0,100.0,0.0,0.0,61612.0,70015278936.0,404936498460.0
404552,2022-10-25,S301KE5C,ST4000DM000,4000787030016,0,107.0,14566840.0,91.0,100.0,28.0,100.0,0.0,89.0,814882453.0,30.0,61761.0,100.0,27.0,100.0,0.0,100.0,0.0,100.0,0.0,100.0,0.0,100.0,0.0,78.0,22.0,100.0,0.0,95.0,11652.0,22.0,22.0,100.0,0.0,100.0,0.0,0.0,61636.0,70016576896.0,405311231731.0
404553,2022-10-26,S301KE5C,ST4000DM000,4000787030016,0,109.0,25156104.0,91.0,100.0,28.0,100.0,0.0,89.0,816865582.0,30.0,61785.0,100.0,27.0,100.0,0.0,100.0,0.0,100.0,0.0,100.0,0.0,100.0,0.0,78.0,22.0,100.0,0.0,95.0,11652.0,22.0,22.0,100.0,0.0,100.0,0.0,0.0,61660.0,70017603616.0,405641448206.0
404554,2022-10-27,S301KE5C,ST4000DM000,4000787030016,0,119.0,217597568.0,91.0,100.0,28.0,100.0,0.0,89.0,819749288.0,30.0,61809.0,100.0,27.0,100.0,0.0,100.0,0.0,100.0,0.0,100.0,0.0,100.0,0.0,78.0,22.0,100.0,0.0,95.0,11652.0,22.0,22.0,100.0,0.0,100.0,0.0,0.0,61683.0,70018681400.0,405856248596.0
404555,2022-10-28,S301KE5C,ST4000DM000,4000787030016,0,114.0,66409584.0,91.0,100.0,28.0,100.0,0.0,89.0,820833995.0,30.0,61832.0,100.0,27.0,100.0,0.0,100.0,0.0,100.0,0.0,100.0,0.0,100.0,0.0,78.0,22.0,100.0,0.0,95.0,11652.0,22.0,22.0,100.0,0.0,100.0,0.0,0.0,61707.0,70019848200.0,406012991981.0
404556,2022-10-29,S301KE5C,ST4000DM000,4000787030016,0,120.0,238517800.0,91.0,100.0,28.0,100.0,0.0,89.0,821614618.0,30.0,61856.0,100.0,27.0,100.0,0.0,100.0,0.0,100.0,0.0,100.0,0.0,100.0,0.0,78.0,22.0,100.0,0.0,95.0,11652.0,22.0,22.0,100.0,0.0,100.0,0.0,0.0,61731.0,70020544264.0,406134566554.0
404557,2022-10-30,S301KE5C,ST4000DM000,4000787030016,0,118.0,177884632.0,91.0,100.0,28.0,100.0,0.0,89.0,822459921.0,30.0,61880.0,100.0,27.0,100.0,0.0,100.0,0.0,100.0,0.0,100.0,0.0,100.0,0.0,78.0,22.0,100.0,0.0,95.0,11652.0,22.0,22.0,100.0,0.0,100.0,0.0,0.0,61755.0,70021662096.0,406252137984.0
404558,2022-10-31,S301KE5C,ST4000DM000,4000787030016,0,118.0,172385080.0,91.0,100.0,28.0,100.0,0.0,89.0,823419559.0,30.0,61904.0,100.0,27.0,100.0,0.0,100.0,0.0,100.0,0.0,100.0,0.0,100.0,0.0,78.0,22.0,100.0,0.0,95.0,11652.0,22.0,22.0,100.0,0.0,100.0,0.0,0.0,61779.0,70023617096.0,406386945440.0
404559,2022-11-01,S301KE5C,ST4000DM000,4000787030016,0,105.0,9897256.0,91.0,100.0,28.0,100.0,0.0,89.0,825856627.0,30.0,61927.0,100.0,27.0,100.0,0.0,100.0,0.0,100.0,0.0,100.0,0.0,100.0,0.0,78.0,22.0,100.0,0.0,95.0,11652.0,22.0,22.0,100.0,0.0,100.0,0.0,0.0,61802.0,70024517144.0,406515227744.0
404560,2022-11-02,S301KE5C,ST4000DM000,4000787030016,0,118.0,186815312.0,91.0,100.0,28.0,100.0,0.0,89.0,826971351.0,30.0,61951.0,100.0,27.0,100.0,0.0,100.0,0.0,100.0,0.0,100.0,0.0,100.0,0.0,78.0,22.0,100.0,0.0,95.0,11653.0,22.0,22.0,100.0,0.0,100.0,0.0,0.0,61826.0,70025771544.0,406673262665.0
404561,2022-11-03,S301KE5C,ST4000DM000,4000787030016,0,113.0,56226496.0,91.0,100.0,28.0,100.0,0.0,89.0,829102303.0,30.0,61975.0,100.0,27.0,100.0,0.0,100.0,0.0,100.0,0.0,100.0,0.0,100.0,0.0,79.0,21.0,100.0,0.0,95.0,11653.0,21.0,21.0,100.0,0.0,100.0,0.0,0.0,61850.0,70027926864.0,406760932576.0
404562,2022-11-04,S301KE5C,ST4000DM000,4000787030016,0,111.0,31469064.0,91.0,100.0,28.0,100.0,0.0,89.0,829715532.0,30.0,61999.0,100.0,27.0,100.0,0.0,100.0,0.0,100.0,0.0,100.0,0.0,100.0,0.0,78.0,22.0,100.0,0.0,95.0,11653.0,22.0,22.0,100.0,0.0,100.0,0.0,0.0,61873.0,70030627120.0,406834201340.0
404563,2022-11-05,S301KE5C,ST4000DM000,4000787030016,0,117.0,131136520.0,91.0,100.0,28.0,100.0,0.0,89.0,832200379.0,30.0,62023.0,100.0,27.0,100.0,0.0,100.0,0.0,100.0,0.0,100.0,0.0,100.0,0.0,78.0,22.0,100.0,0.0,95.0,11653.0,22.0,22.0,100.0,0.0,100.0,0.0,0.0,61897.0,70031444328.0,407049240837.0
404564,2022-11-06,S301KE5C,ST4000DM000,4000787030016,0,115.0,88868536.0,91.0,100.0,28.0,100.0,0.0,89.0,833360839.0,30.0,62046.0,100.0,27.0,100.0,0.0,100.0,0.0,100.0,0.0,100.0,0.0,100.0,0.0,78.0,22.0,100.0,0.0,95.0,11653.0,22.0,22.0,100.0,0.0,100.0,0.0,0.0,61921.0,70033908456.0,407245034860.0
404565,2022-11-07,S301KE5C,ST4000DM000,4000787030016,0,114.0,70569776.0,91.0,100.0,28.0,100.0,0.0,89.0,834660701.0,30.0,62070.0,100.0,27.0,100.0,0.0,100.0,0.0,100.0,0.0,100.0,0.0,100.0,0.0,78.0,22.0,100.0,0.0,95.0,11653.0,22.0,22.0,100.0,0.0,100.0,0.0,0.0,61945.0,70034710672.0,407468751392.0
404566,2022-11-08,S301KE5C,ST4000DM000,4000787030016,0,118.0,168563576.0,91.0,100.0,28.0,100.0,0.0,89.0,837702337.0,30.0,62094.0,100.0,27.0,100.0,0.0,100.0,0.0,100.0,0.0,100.0,0.0,100.0,0.0,78.0,22.0,100.0,0.0,95.0,11653.0,22.0,22.0,100.0,0.0,100.0,0.0,0.0,61969.0,70035696128.0,407718854916.0
404567,2022-11-09,S301KE5C,ST4000DM000,4000787030016,0,109.0,24330688.0,91.0,100.0,28.0,100.0,0.0,89.0,839108657.0,30.0,62118.0,100.0,27.0,100.0,0.0,100.0,0.0,100.0,0.0,100.0,0.0,100.0,0.0,78.0,22.0,100.0,0.0,95.0,11654.0,22.0,22.0,100.0,0.0,100.0,0.0,0.0,61992.0,70036752264.0,407935890016.0
404568,2022-11-10,S301KE5C,ST4000DM000,4000787030016,0,115.0,97687400.0,91.0,100.0,28.0,100.0,0.0,89.0,841477159.0,30.0,62142.0,100.0,27.0,100.0,0.0,100.0,0.0,100.0,0.0,100.0,0.0,100.0,0.0,78.0,22.0,100.0,0.0,95.0,11654.0,22.0,22.0,100.0,0.0,100.0,0.0,0.0,62016.0,70037492120.0,408073889417.0
404569,2022-11-11,S301KE5C,ST4000DM000,4000787030016,0,115.0,91970216.0,91.0,100.0,28.0,100.0,0.0,89.0,843375932.0,30.0,62165.0,100.0,27.0,100.0,0.0,100.0,0.0,100.0,0.0,100.0,0.0,100.0,0.0,78.0,22.0,100.0,0.0,95.0,11654.0,22.0,22.0,100.0,0.0,100.0,0.0,0.0,62040.0,70038531040.0,408387723929.0
404570,2022-11-12,S301KE5C,ST4000DM000,4000787030016,0,114.0,77563960.0,91.0,100.0,28.0,100.0,0.0,89.0,845057099.0,30.0,62189.0,100.0,27.0,100.0,0.0,100.0,0.0,100.0,0.0,100.0,0.0,100.0,0.0,78.0,22.0,100.0,0.0,95.0,11654.0,22.0,22.0,100.0,0.0,100.0,0.0,0.0,62064.0,70039394120.0,408745095538.0
404571,2022-11-13,S301KE5C,ST4000DM000,4000787030016,0,101.0,3411584.0,91.0,100.0,28.0,100.0,0.0,89.0,846652903.0,29.0,62213.0,100.0,27.0,100.0,0.0,100.0,0.0,100.0,0.0,100.0,0.0,100.0,0.0,78.0,22.0,100.0,0.0,95.0,11654.0,22.0,22.0,100.0,0.0,100.0,0.0,0.0,62088.0,70040189440.0,409043540196.0
404572,2022-11-14,S301KE5C,ST4000DM000,4000787030016,0,115.0,89370832.0,91.0,100.0,28.0,100.0,0.0,89.0,847840818.0,29.0,62237.0,100.0,27.0,100.0,0.0,100.0,0.0,100.0,0.0,100.0,0.0,100.0,0.0,78.0,22.0,100.0,0.0,95.0,11654.0,22.0,22.0,100.0,0.0,100.0,0.0,0.0,62111.0,70041152064.0,409267354323.0
404573,2022-11-15,S301KE5C,ST4000DM000,4000787030016,0,119.0,212564112.0,91.0,100.0,28.0,100.0,0.0,89.0,850781036.0,29.0,62260.0,100.0,27.0,100.0,0.0,100.0,0.0,100.0,0.0,100.0,0.0,100.0,0.0,78.0,22.0,100.0,0.0,95.0,11654.0,22.0,22.0,100.0,0.0,100.0,0.0,0.0,62135.0,70042185672.0,409521376235.0
404574,2022-11-16,S301KE5C,ST4000DM000,4000787030016,0,107.0,14267664.0,91.0,100.0,28.0,100.0,0.0,89.0,851692355.0,29.0,62284.0,100.0,27.0,100.0,0.0,100.0,0.0,100.0,0.0,100.0,0.0,100.0,0.0,76.0,24.0,100.0,0.0,95.0,11655.0,24.0,24.0,100.0,0.0,100.0,0.0,0.0,62159.0,70043072464.0,409695756917.0
404575,2022-11-17,S301KE5C,ST4000DM000,4000787030016,0,118.0,192970088.0,91.0,100.0,28.0,100.0,0.0,89.0,856392048.0,29.0,62320.0,100.0,27.0,100.0,0.0,100.0,0.0,100.0,0.0,100.0,0.0,100.0,0.0,78.0,22.0,100.0,0.0,95.0,11656.0,22.0,22.0,100.0,0.0,100.0,0.0,0.0,62194.0,70044454048.0,409878107521.0
404576,2022-11-18,S301KE5C,ST4000DM000,4000787030016,0,106.0,12433424.0,91.0,100.0,28.0,100.0,0.0,89.0,858116287.0,29.0,62332.0,100.0,27.0,100.0,0.0,100.0,0.0,100.0,0.0,100.0,0.0,100.0,0.0,78.0,22.0,100.0,0.0,95.0,11656.0,22.0,22.0,100.0,0.0,100.0,0.0,0.0,62206.0,70044672904.0,409924617293.0
404577,2022-11-19,S301KE5C,ST4000DM000,4000787030016,0,117.0,133600552.0,91.0,100.0,28.0,100.0,0.0,89.0,861837937.0,29.0,62355.0,100.0,27.0,100.0,0.0,100.0,0.0,100.0,0.0,100.0,0.0,100.0,0.0,78.0,22.0,100.0,0.0,95.0,11656.0,22.0,22.0,100.0,0.0,100.0,0.0,0.0,62230.0,70047506824.0,410023860116.0
404578,2022-11-20,S301KE5C,ST4000DM000,4000787030016,0,119.0,232950224.0,91.0,100.0,28.0,100.0,0.0,89.0,863634665.0,29.0,62379.0,100.0,27.0,100.0,0.0,100.0,0.0,100.0,0.0,100.0,0.0,100.0,0.0,78.0,22.0,100.0,0.0,95.0,11657.0,22.0,22.0,100.0,0.0,100.0,0.0,0.0,62254.0,70048964048.0,410280424514.0
404579,2022-11-21,S301KE5C,ST4000DM000,4000787030016,0,117.0,140325944.0,91.0,100.0,28.0,100.0,0.0,89.0,864553419.0,29.0,62403.0,100.0,27.0,100.0,0.0,100.0,0.0,100.0,0.0,100.0,0.0,100.0,0.0,78.0,22.0,100.0,0.0,95.0,11657.0,22.0,22.0,100.0,0.0,100.0,0.0,0.0,62277.0,70049857008.0,410477360038.0
404580,2022-11-22,S301KE5C,ST4000DM000,4000787030016,0,118.0,183238208.0,91.0,100.0,28.0,100.0,0.0,89.0,867319484.0,29.0,62427.0,100.0,27.0,100.0,0.0,100.0,0.0,100.0,0.0,100.0,0.0,100.0,0.0,78.0,22.0,100.0,0.0,95.0,11657.0,22.0,22.0,100.0,0.0,100.0,0.0,0.0,62301.0,70050716016.0,410785931310.0
404581,2022-11-23,S301KE5C,ST4000DM000,4000787030016,0,118.0,170385288.0,91.0,100.0,28.0,100.0,0.0,89.0,868957379.0,29.0,62450.0,100.0,27.0,100.0,0.0,100.0,0.0,100.0,0.0,100.0,0.0,100.0,0.0,78.0,22.0,100.0,0.0,95.0,11657.0,22.0,22.0,100.0,0.0,100.0,0.0,0.0,62325.0,70051434456.0,411076997439.0
404582,2022-11-24,S301KE5C,ST4000DM000,4000787030016,0,120.0,241736320.0,91.0,100.0,28.0,100.0,0.0,89.0,871378760.0,29.0,62474.0,100.0,27.0,100.0,0.0,100.0,0.0,100.0,0.0,100.0,0.0,100.0,0.0,78.0,22.0,100.0,0.0,95.0,11657.0,22.0,22.0,100.0,0.0,100.0,0.0,0.0,62349.0,70056290024.0,411317994640.0
404583,2022-11-25,S301KE5C,ST4000DM000,4000787030016,0,117.0,152626208.0,91.0,100.0,28.0,100.0,0.0,89.0,873355065.0,29.0,62498.0,100.0,27.0,100.0,0.0,100.0,0.0,100.0,0.0,100.0,0.0,100.0,0.0,78.0,22.0,100.0,0.0,95.0,11657.0,22.0,22.0,100.0,0.0,100.0,0.0,0.0,62372.0,70057765120.0,411564237358.0
404584,2022-11-26,S301KE5C,ST4000DM000,4000787030016,0,113.0,56844776.0,91.0,100.0,28.0,100.0,0.0,89.0,874597950.0,29.0,62522.0,100.0,27.0,100.0,0.0,100.0,0.0,100.0,0.0,100.0,0.0,100.0,0.0,78.0,22.0,100.0,0.0,95.0,11657.0,22.0,22.0,100.0,0.0,100.0,0.0,0.0,62396.0,70058504776.0,411823075973.0
404585,2022-11-27,S301KE5C,ST4000DM000,4000787030016,0,116.0,102907848.0,91.0,100.0,28.0,100.0,0.0,89.0,875773528.0,29.0,62546.0,100.0,27.0,100.0,0.0,100.0,0.0,100.0,0.0,100.0,0.0,100.0,0.0,78.0,22.0,100.0,0.0,95.0,11657.0,22.0,22.0,100.0,0.0,100.0,0.0,0.0,62420.0,70059191064.0,412086895836.0
404586,2022-11-28,S301KE5C,ST4000DM000,4000787030016,0,115.0,92489872.0,91.0,100.0,28.0,100.0,0.0,89.0,876699556.0,29.0,62569.0,100.0,27.0,100.0,0.0,100.0,0.0,100.0,0.0,100.0,0.0,100.0,0.0,78.0,22.0,100.0,0.0,95.0,11657.0,22.0,22.0,100.0,0.0,100.0,0.0,0.0,62444.0,70060207704.0,412336881399.0
404587,2022-11-29,S301KE5C,ST4000DM000,4000787030016,0,120.0,237886944.0,91.0,100.0,28.0,100.0,0.0,89.0,879176083.0,29.0,62593.0,100.0,27.0,100.0,0.0,100.0,0.0,100.0,0.0,100.0,0.0,100.0,0.0,78.0,22.0,100.0,0.0,95.0,11658.0,22.0,22.0,100.0,0.0,100.0,0.0,0.0,62468.0,70060955656.0,412646129093.0
404588,2022-11-30,S301KE5C,ST4000DM000,4000787030016,0,117.0,124088200.0,91.0,100.0,28.0,100.0,0.0,89.0,880294832.0,29.0,62617.0,100.0,27.0,100.0,0.0,100.0,0.0,100.0,0.0,100.0,0.0,100.0,0.0,78.0,22.0,100.0,0.0,95.0,11659.0,22.0,22.0,100.0,0.0,100.0,0.0,0.0,62491.0,70061763824.0,412986183608.0
404589,2022-12-01,S301KE5C,ST4000DM000,4000787030016,0,120.0,241847072.0,91.0,100.0,28.0,100.0,0.0,89.0,882565460.0,29.0,62641.0,100.0,27.0,100.0,0.0,100.0,0.0,100.0,0.0,100.0,0.0,100.0,0.0,78.0,22.0,100.0,0.0,95.0,11660.0,22.0,22.0,100.0,0.0,100.0,0.0,0.0,62515.0,70062392920.0,413253097997.0
404590,2022-12-02,S301KE5C,ST4000DM000,4000787030016,0,115.0,95684552.0,91.0,100.0,28.0,100.0,0.0,89.0,884778133.0,29.0,62665.0,100.0,27.0,100.0,0.0,100.0,0.0,100.0,0.0,100.0,0.0,100.0,0.0,78.0,22.0,100.0,0.0,95.0,11660.0,22.0,22.0,100.0,0.0,100.0,0.0,0.0,62539.0,70063407032.0,413560803315.0
404591,2022-12-03,S301KE5C,ST4000DM000,4000787030016,0,120.0,242265408.0,91.0,100.0,28.0,100.0,0.0,89.0,886750763.0,29.0,62688.0,100.0,27.0,100.0,0.0,100.0,0.0,100.0,0.0,100.0,0.0,100.0,0.0,78.0,22.0,100.0,0.0,95.0,11660.0,22.0,22.0,100.0,0.0,100.0,0.0,0.0,62563.0,70064162528.0,413793170969.0
404592,2022-12-04,S301KE5C,ST4000DM000,4000787030016,0,120.0,1450880.0,91.0,100.0,28.0,100.0,0.0,89.0,887658965.0,29.0,62712.0,100.0,27.0,100.0,0.0,100.0,0.0,100.0,0.0,100.0,0.0,100.0,0.0,78.0,22.0,100.0,0.0,95.0,11660.0,22.0,22.0,100.0,0.0,100.0,0.0,0.0,62587.0,70071146616.0,413921424399.0
404593,2022-12-05,S301KE5C,ST4000DM000,4000787030016,0,117.0,150710800.0,91.0,100.0,28.0,100.0,0.0,89.0,889335475.0,29.0,62748.0,100.0,27.0,100.0,0.0,100.0,0.0,100.0,0.0,100.0,0.0,100.0,0.0,78.0,22.0,100.0,0.0,95.0,11662.0,22.0,22.0,100.0,0.0,100.0,0.0,0.0,62622.0,70072250408.0,414128935043.0
404594,2022-12-06,S301KE5C,ST4000DM000,4000787030016,0,118.0,187214960.0,91.0,100.0,28.0,100.0,0.0,89.0,891748774.0,29.0,62772.0,100.0,27.0,100.0,0.0,100.0,0.0,100.0,0.0,100.0,0.0,100.0,0.0,78.0,22.0,100.0,0.0,95.0,11662.0,22.0,22.0,100.0,0.0,100.0,0.0,0.0,62646.0,70074238456.0,414292972199.0
404595,2022-12-07,S301KE5C,ST4000DM000,4000787030016,0,114.0,69567080.0,91.0,100.0,28.0,100.0,0.0,89.0,892446989.0,29.0,62796.0,100.0,27.0,100.0,0.0,100.0,0.0,100.0,0.0,100.0,0.0,100.0,0.0,78.0,22.0,100.0,0.0,95.0,11663.0,22.0,22.0,100.0,0.0,100.0,0.0,0.0,62670.0,70075489560.0,414388313365.0
404596,2022-12-08,S301KE5C,ST4000DM000,4000787030016,0,119.0,201941872.0,91.0,100.0,28.0,100.0,0.0,89.0,894994290.0,29.0,62819.0,100.0,27.0,100.0,0.0,100.0,0.0,100.0,0.0,100.0,0.0,100.0,0.0,78.0,22.0,100.0,0.0,95.0,11664.0,22.0,22.0,100.0,0.0,100.0,0.0,0.0,62694.0,70076473904.0,414539275026.0
404597,2022-12-09,S301KE5C,ST4000DM000,4000787030016,0,116.0,109976048.0,91.0,100.0,28.0,100.0,0.0,89.0,895936202.0,29.0,62843.0,100.0,27.0,100.0,0.0,100.0,0.0,100.0,0.0,100.0,0.0,100.0,0.0,78.0,22.0,100.0,0.0,95.0,11664.0,22.0,22.0,100.0,0.0,100.0,0.0,0.0,62718.0,70077561896.0,414659382289.0
404598,2022-12-11,S301KE5C,ST4000DM000,4000787030016,0,116.0,115826976.0,91.0,100.0,28.0,100.0,0.0,89.0,898464640.0,29.0,62891.0,100.0,27.0,100.0,0.0,100.0,0.0,100.0,0.0,100.0,0.0,100.0,0.0,78.0,22.0,100.0,0.0,95.0,11667.0,22.0,22.0,100.0,0.0,100.0,0.0,0.0,62765.0,70079939112.0,414991175269.0
404599,2022-12-11,S301KE5C,ST4000DM000,4000787030016,0,116.0,115826976.0,91.0,100.0,28.0,100.0,0.0,89.0,898464640.0,29.0,62891.0,100.0,27.0,100.0,0.0,100.0,0.0,100.0,0.0,100.0,0.0,100.0,0.0,78.0,22.0,100.0,0.0,95.0,11667.0,22.0,22.0,100.0,0.0,100.0,0.0,0.0,62765.0,70079939112.0,414991175269.0
404600,2022-12-12,S301KE5C,ST4000DM000,4000787030016,0,120.0,241771576.0,91.0,100.0,28.0,100.0,0.0,89.0,900254892.0,29.0,62915.0,100.0,27.0,100.0,0.0,100.0,0.0,100.0,0.0,100.0,0.0,100.0,0.0,78.0,22.0,100.0,0.0,95.0,11668.0,22.0,22.0,100.0,0.0,100.0,0.0,0.0,62789.0,70081666288.0,415238252168.0
404601,2022-12-13,S301KE5C,ST4000DM000,4000787030016,0,114.0,76177176.0,91.0,100.0,28.0,100.0,0.0,89.0,903108887.0,29.0,62938.0,100.0,27.0,100.0,0.0,100.0,0.0,100.0,0.0,100.0,0.0,100.0,0.0,78.0,22.0,100.0,0.0,95.0,11668.0,22.0,22.0,100.0,0.0,100.0,0.0,0.0,62813.0,70082824240.0,415474701195.0
404602,2022-12-14,S301KE5C,ST4000DM000,4000787030016,0,112.0,46267824.0,91.0,100.0,28.0,100.0,0.0,89.0,904573258.0,29.0,62962.0,100.0,27.0,100.0,0.0,100.0,0.0,100.0,0.0,100.0,0.0,100.0,0.0,78.0,22.0,100.0,0.0,95.0,11670.0,22.0,22.0,100.0,0.0,100.0,0.0,0.0,62837.0,70084192408.0,415703971158.0
404603,2022-12-15,S301KE5C,ST4000DM000,4000787030016,0,112.0,42232552.0,91.0,100.0,28.0,100.0,0.0,89.0,907090755.0,29.0,62986.0,100.0,27.0,100.0,0.0,100.0,0.0,100.0,0.0,100.0,0.0,100.0,0.0,78.0,22.0,100.0,0.0,95.0,11670.0,22.0,22.0,100.0,0.0,100.0,0.0,0.0,62861.0,70085194360.0,415865756277.0
404604,2022-12-16,S301KE5C,ST4000DM000,4000787030016,0,117.0,125077144.0,91.0,100.0,28.0,100.0,0.0,89.0,908530707.0,29.0,63010.0,100.0,27.0,100.0,0.0,100.0,0.0,100.0,0.0,100.0,0.0,100.0,0.0,78.0,22.0,100.0,0.0,95.0,11670.0,22.0,22.0,100.0,0.0,100.0,0.0,0.0,62885.0,70085953792.0,416145886581.0
404605,2022-12-17,S301KE5C,ST4000DM000,4000787030016,0,118.0,198794368.0,91.0,100.0,28.0,100.0,0.0,89.0,910313469.0,29.0,63034.0,100.0,27.0,100.0,0.0,100.0,0.0,100.0,0.0,100.0,0.0,100.0,0.0,78.0,22.0,100.0,0.0,95.0,11670.0,22.0,22.0,100.0,0.0,100.0,0.0,0.0,62908.0,70086913584.0,416518063669.0
404606,2022-12-18,S301KE5C,ST4000DM000,4000787030016,0,117.0,120939320.0,91.0,100.0,28.0,100.0,0.0,89.0,911787360.0,29.0,63058.0,100.0,27.0,100.0,0.0,100.0,0.0,100.0,0.0,100.0,0.0,100.0,0.0,78.0,22.0,100.0,0.0,95.0,11670.0,22.0,22.0,100.0,0.0,100.0,0.0,0.0,62932.0,70087809368.0,416810759219.0
404607,2022-12-19,S301KE5C,ST4000DM000,4000787030016,0,118.0,199490192.0,91.0,100.0,28.0,100.0,0.0,89.0,913592272.0,28.0,63082.0,100.0,27.0,100.0,0.0,100.0,0.0,100.0,0.0,100.0,0.0,100.0,0.0,78.0,22.0,100.0,0.0,95.0,11671.0,22.0,22.0,100.0,0.0,100.0,0.0,0.0,62956.0,70088783856.0,417041385872.0
404608,2022-12-20,S301KE5C,ST4000DM000,4000787030016,0,117.0,135368280.0,91.0,100.0,28.0,100.0,0.0,89.0,916233304.0,28.0,63106.0,100.0,27.0,100.0,0.0,100.0,0.0,99.0,1.0,100.0,0.0,100.0,0.0,78.0,22.0,100.0,0.0,95.0,11671.0,22.0,22.0,100.0,8.0,100.0,8.0,0.0,62980.0,70090494896.0,417252229191.0
404609,2022-12-21,S301KE5C,ST4000DM000,4000787030016,0,118.0,191310312.0,91.0,100.0,28.0,100.0,0.0,89.0,916424550.0,28.0,63118.0,100.0,27.0,100.0,0.0,100.0,0.0,99.0,1.0,100.0,0.0,100.0,0.0,78.0,22.0,100.0,0.0,95.0,11672.0,22.0,22.0,100.0,8.0,100.0,8.0,0.0,62992.0,70091117240.0,417281932294.0
404610,2022-12-22,S301KE5C,ST4000DM000,4000787030016,0,119.0,230288704.0,91.0,100.0,28.0,100.0,0.0,89.0,917988070.0,28.0,63142.0,100.0,27.0,100.0,0.0,100.0,0.0,99.0,1.0,100.0,0.0,100.0,0.0,78.0,22.0,100.0,0.0,95.0,11673.0,22.0,22.0,100.0,8.0,100.0,8.0,0.0,63016.0,70092347160.0,417532218216.0
404611,2022-12-23,S301KE5C,ST4000DM000,4000787030016,0,119.0,216187800.0,91.0,100.0,28.0,100.0,0.0,89.0,920460152.0,28.0,63177.0,100.0,27.0,100.0,0.0,100.0,0.0,99.0,1.0,100.0,0.0,100.0,0.0,78.0,22.0,100.0,0.0,95.0,11674.0,22.0,22.0,100.0,8.0,100.0,8.0,0.0,63052.0,70094130544.0,417811824014.0
404612,2022-12-24,S301KE5C,ST4000DM000,4000787030016,0,117.0,145287448.0,91.0,100.0,28.0,100.0,0.0,89.0,921859789.0,28.0,63201.0,100.0,27.0,100.0,0.0,100.0,0.0,99.0,1.0,100.0,0.0,100.0,0.0,78.0,22.0,100.0,0.0,95.0,11674.0,22.0,22.0,100.0,8.0,100.0,8.0,0.0,63076.0,70095090368.0,418128703056.0
404613,2022-12-25,S301KE5C,ST4000DM000,4000787030016,0,114.0,79869096.0,91.0,100.0,28.0,100.0,0.0,89.0,923070428.0,28.0,63225.0,100.0,27.0,100.0,0.0,100.0,0.0,99.0,1.0,100.0,0.0,100.0,0.0,78.0,22.0,100.0,0.0,95.0,11674.0,22.0,22.0,100.0,8.0,100.0,8.0,0.0,63100.0,70096486096.0,418381329652.0
404614,2022-12-26,S301KE5C,ST4000DM000,4000787030016,0,118.0,194859984.0,91.0,100.0,28.0,100.0,0.0,89.0,925103933.0,28.0,63249.0,100.0,27.0,100.0,0.0,100.0,0.0,99.0,1.0,100.0,0.0,100.0,0.0,78.0,22.0,100.0,0.0,95.0,11674.0,22.0,22.0,100.0,8.0,100.0,8.0,0.0,63124.0,70097706568.0,418683384883.0
404615,2022-12-27,S301KE5C,ST4000DM000,4000787030016,0,116.0,100752848.0,91.0,100.0,28.0,100.0,0.0,89.0,928486534.0,28.0,63273.0,100.0,27.0,100.0,0.0,100.0,0.0,99.0,1.0,100.0,0.0,100.0,0.0,78.0,22.0,100.0,0.0,95.0,11674.0,22.0,22.0,100.0,8.0,100.0,8.0,0.0,63148.0,70099887320.0,418974740785.0
404616,2022-12-28,S301KE5C,ST4000DM000,4000787030016,0,119.0,212404312.0,91.0,100.0,28.0,100.0,0.0,89.0,929766837.0,28.0,63297.0,100.0,27.0,100.0,0.0,100.0,0.0,99.0,1.0,100.0,0.0,100.0,0.0,78.0,22.0,100.0,0.0,95.0,11674.0,22.0,22.0,100.0,8.0,100.0,8.0,0.0,63172.0,70101413672.0,419238830417.0
404617,2022-12-29,S301KE5C,ST4000DM000,4000787030016,0,117.0,151518536.0,91.0,100.0,28.0,100.0,0.0,89.0,932166084.0,28.0,63321.0,100.0,27.0,100.0,0.0,100.0,0.0,98.0,2.0,100.0,0.0,100.0,0.0,78.0,22.0,100.0,0.0,95.0,11674.0,22.0,22.0,100.0,8.0,100.0,8.0,0.0,63196.0,70102584920.0,419464218964.0
404618,2022-12-30,S301KE5C,ST4000DM000,4000787030016,0,118.0,175177464.0,91.0,100.0,28.0,100.0,0.0,89.0,933143881.0,28.0,63345.0,100.0,27.0,100.0,0.0,100.0,0.0,98.0,2.0,100.0,0.0,100.0,0.0,78.0,22.0,100.0,0.0,95.0,11674.0,22.0,22.0,100.0,8.0,100.0,8.0,0.0,63219.0,70103830432.0,419722261405.0
404619,2022-12-31,S301KE5C,ST4000DM000,4000787030016,0,119.0,220355400.0,91.0,100.0,28.0,100.0,0.0,89.0,934171919.0,28.0,63369.0,100.0,27.0,100.0,0.0,100.0,0.0,98.0,2.0,100.0,0.0,100.0,0.0,78.0,22.0,100.0,0.0,95.0,11679.0,22.0,22.0,100.0,8.0,100.0,8.0,0.0,63243.0,70104831312.0,420006044259.0
2075950,2023-01-01,S301KE5C,ST4000DM000,4000787030016,0,117.0,145990168.0,91.0,100.0,28.0,100.0,0.0,89.0,935133722.0,28.0,63393.0,100.0,27.0,100.0,0.0,100.0,0.0,98.0,2.0,100.0,0.0,100.0,0.0,78.0,22.0,100.0,0.0,95.0,11680.0,22.0,22.0,100.0,8.0,100.0,8.0,0.0,63267.0,70106041184.0,420361622307.0
2075951,2023-01-02,S301KE5C,ST4000DM000,4000787030016,0,117.0,123734504.0,91.0,100.0,28.0,100.0,0.0,89.0,936790377.0,28.0,63417.0,100.0,27.0,100.0,0.0,100.0,0.0,95.0,5.0,100.0,0.0,100.0,0.0,78.0,22.0,100.0,0.0,95.0,11681.0,22.0,22.0,100.0,8.0,100.0,8.0,0.0,63291.0,70107302768.0,420696715655.0
2075952,2023-01-07,S301KE5C,ST4000DM000,4000787030016,0,114.0,132851200.0,92.0,100.0,30.0,99.0,872.0,90.0,940201877.0,28.0,63531.0,100.0,27.0,97.0,3.0,100.0,0.0,1.0,137.0,100.0,2.0,100.0,0.0,78.0,22.0,100.0,0.0,95.0,11734.0,22.0,22.0,98.0,400.0,98.0,400.0,0.0,63314.0,70108995232.0,420985062681.0
2075953,2023-01-08,S301KE5C,ST4000DM000,4000787030016,0,106.0,168127254.0,92.0,100.0,30.0,99.0,1008.0,90.0,941030811.0,28.0,63555.0,100.0,27.0,97.0,3.0,100.0,0.0,1.0,145.0,100.0,2.0,100.0,0.0,79.0,21.0,100.0,0.0,95.0,11846.0,21.0,21.0,98.0,424.0,98.0,424.0,0.0,63324.0,70108997104.0,421014838084.0
2075954,2023-01-09,S301KE5C,ST4000DM000,4000787030016,0,106.0,168127254.0,92.0,100.0,30.0,99.0,1008.0,90.0,941030811.0,28.0,63579.0,100.0,27.0,97.0,3.0,100.0,0.0,1.0,145.0,100.0,2.0,100.0,0.0,79.0,21.0,100.0,0.0,95.0,11986.0,21.0,21.0,98.0,424.0,98.0,424.0,0.0,63332.0,70108997104.0,421014885188.0
2075955,2023-01-10,S301KE5C,ST4000DM000,4000787030016,0,106.0,168127254.0,92.0,100.0,30.0,99.0,1008.0,90.0,941030811.0,28.0,63603.0,100.0,27.0,97.0,3.0,100.0,0.0,1.0,145.0,100.0,2.0,100.0,0.0,79.0,21.0,100.0,0.0,94.0,12120.0,21.0,21.0,98.0,424.0,98.0,424.0,0.0,63339.0,70108997104.0,421014932292.0
2075956,2023-01-11,S301KE5C,ST4000DM000,4000787030016,1,106.0,168127254.0,92.0,100.0,30.0,99.0,1008.0,90.0,941030811.0,28.0,63627.0,100.0,27.0,97.0,3.0,100.0,0.0,1.0,145.0,100.0,2.0,100.0,0.0,79.0,21.0,100.0,0.0,94.0,12259.0,21.0,21.0,98.0,424.0,98.0,424.0,0.0,63347.0,70108997104.0,421014979396.0
